{"eval_loss": 2.6786866188049316, "eval_model_preparation_time": 0.0013, "eval_accuracy": 0.46666666865348816, "eval_runtime": 0.9517, "eval_samples_per_second": 47.285, "eval_steps_per_second": 6.305}